LONGITUDE,LATITUDE,TIMESTAMP,NO
-2.1416,111.5635,42008,1
-2.4054,111.4296,42031,2
-2.1868,111.9068,42033,3
-2.3865,111.2576,42033,4
-1.8551,111.4864,42035,5
-1.582,111.938,42035,6
-2.1468,111.5891,42047,7
-2.0462,112.0016,42049,8
-2.0477,111.9913,42049,9
-2.1392,111.5891,42061,10
-2.2477,111.1948,42081,11
-2.246,111.2064,42081,12
-1.8974,111.825,42111,13
-2.1885,111.6279,42134,14
-2.0209,111.4129,42150,15
-2.2801,111.4585,42175,16
-2.2818,111.4707,42175,17
-1.9938,112.0034,42175,18
-1.6054,110.8592,42175,19
-2.1743,111.4853,42177,20
-1.9607,111.8753,42178,21
-1.9629,111.8677,42178,22
-2.0805,111.4482,42180,23
-2.0854,111.1246,42182,24
-2.005,111.5466,42182,25
-2.2506,111.4974,42184,26
-2.0092,111.7052,42184,27
-2.0105,111.6961,42184,28
-2.0764,111.4483,42186,29
-1.9629,111.8843,42187,30
-1.9694,111.8803,42187,31
-2.2585,111.4679,42190,32
-2.2699,111.4584,42190,33
-2.2683,111.4693,42190,34
-2.26,111.457,42190,35
-2.2496,111.4682,42190,36
-2.2509,111.4611,42190,37
-2.2529,111.4746,42190,38
-2.2638,111.473,42190,39
-2.221,111.8759,42191,40
-2.2708,111.462,42191,41
-2.2618,111.4607,42191,42
-2.1631,111.5677,42191,43
-1.5802,110.8224,42191,44
-1.5815,110.8135,42191,45
-2.2582,111.4641,42192,46
-2.2571,111.4661,42193,47
-2.1902,111.6373,42193,48
-2.2046,111.9221,42193,49
-2.2033,111.913,42193,50
-2.0459,111.1558,42193,51
-2.0161,111.3302,42193,52
-1.9401,111.8764,42193,53
-1.8836,111.1188,42193,54
-1.8849,111.1276,42193,55
-2.2108,111.9158,42193,56
-2.2123,111.9055,42193,57
-2.265,111.4675,42193,58
-2.2551,111.466,42193,59
-2.0834,111.4519,42193,60
-2.085,111.441,42193,61
-2.0424,111.4572,42193,62
-2.0439,111.4463,42193,63
-2.0325,111.4558,42193,64
-2.0341,111.4449,42193,65
-2.4138,111.5854,42198,66
-2.2834,111.3463,42198,67
-1.9689,111.8876,42198,68
-1.9224,111.497,42198,69
-2.2244,111.4702,42199,70
-2.2225,111.4838,42199,71
-2.4062,111.5803,42200,72
-1.856,111.8257,42201,73
-1.8695,111.8275,42201,74
-1.8734,111.8241,42202,75
-1.9579,111.8716,42203,76
-2.2545,111.4692,42203,77
-2.2549,111.4642,42203,78
-1.9613,111.872,42204,79
-1.7886,111.9934,42204,80
-1.7971,112.0008,42204,81
-2.2517,111.4579,42204,82
-2.2501,111.4676,42204,83
-2.2514,111.4587,42204,84
-1.9659,111.9105,42204,85
-1.9514,111.8835,42204,86
-1.9154,111.6845,42204,87
-1.8583,111.8271,42204,88
-1.7884,111.9934,42204,89
-2.2336,111.4844,42205,90
-1.9431,111.5203,42205,91
-1.868,111.8197,42205,92
-1.7931,111.9955,42205,93
-2.2569,111.4548,42206,94
-2.258,111.4479,42206,95
-2.2576,111.4707,42206,96
-1.8689,111.8309,42206,97
-1.8703,111.8206,42206,98
-1.8579,111.8397,42206,99
-1.8593,111.8295,42206,100
-1.8608,111.8193,42206,101
-1.8483,111.8383,42206,102
-1.8497,111.8281,42206,103
-2.2572,111.4629,42208,104
-2.2524,111.4739,42208,105
-1.847,111.8293,42208,106
-2.2628,111.4466,42209,107
-2.2643,111.4355,42209,108
-2.2624,111.44,42209,109
-1.9483,111.8642,42209,110
-1.9386,111.8628,42209,111
-1.1064,111.4583,42209,112
-1.1079,111.4475,42209,113
-2.2653,111.4422,42211,114
-1.8699,111.8312,42211,115
-1.9733,111.6049,42211,116
-1.8241,111.1608,42211,117
-1.5812,110.8647,42211,118
-1.9399,111.8586,42212,119
-1.9518,111.8603,42212,120
-2.2963,111.3747,42216,121
-2.0055,111.6946,42218,122
-2.0025,111.6876,42218,123
-1.9533,111.8794,42220,124
-2.284,111.4958,42220,125
-2.2853,111.4869,42220,126
-1.952,111.8885,42220,127
-1.9531,111.3954,42221,128
-1.9514,111.407,42221,129
-1.9681,111.5001,42221,130
-1.9664,111.5119,42221,131
-2.296,111.3525,42221,132
-1.0954,111.4848,42222,133
-1.0715,111.4898,42222,134
-1.0716,111.4849,42222,135
-2.2946,111.3755,42223,136
-2.1993,111.7799,42223,137
-2.2327,111.4836,42223,138
-2.1951,111.4907,42223,139
-2.0292,111.491,42223,140
-1.964,111.884,42223,141
-1.9485,111.8633,42223,142
-1.9498,111.8543,42223,143
-1.9421,111.7798,42223,144
-2.4956,111.379,42223,145
-1.8919,111.2919,42223,146
-1.8932,111.283,42223,147
-1.825,111.504,42223,148
-1.8263,111.4951,42223,149
-1.9441,111.8423,42223,150
-1.9403,111.8663,42223,151
-1.9433,111.8509,42223,152
-1.8473,111.3341,42224,153
-1.9363,111.8574,42224,154
-1.9385,111.8408,42224,155
-1.9428,111.852,42224,156
-1.8518,111.3227,42224,157
-1.8499,111.3161,42224,158
-1.9184,111.4397,42225,159
-2.0072,111.6039,42225,160
-2.0085,111.6129,42225,161
-2.0175,111.6116,42225,162
-2.0498,111.6437,42225,163
-2.0512,111.6527,42225,164
-1.8537,111.3226,42225,165
-1.5769,110.7487,42225,166
-1.5752,110.7607,42225,167
-2.0999,111.1689,42225,168
-2.0552,111.4139,42225,169
-2.0567,111.4029,42225,170
-2.0899,111.1673,42225,171
-2.0177,111.6087,42225,172
-2.0193,111.5979,42225,173
-2.0453,111.4125,42225,174
-2.0468,111.4015,42225,175
-2.008,111.6072,42225,176
-1.9814,111.6414,42225,177
-1.9305,111.4355,42225,178
-1.9281,111.4399,42225,179
-1.0772,111.4738,42226,180
-1.0772,111.4662,42226,181
-1.917,111.7405,42226,182
-2.4484,111.2629,42227,183
-2.4484,111.2561,42227,184
-1.8774,111.0425,42227,185
-1.1348,111.3849,42227,186
-1.0511,111.4441,42227,187
-1.0458,111.4565,42227,188
-1.9575,111.5363,42227,189
-1.9561,111.5463,42227,190
-1.9655,111.5476,42227,191
-1.9566,111.5453,42227,192
-1.9579,111.5542,42227,193
-1.9669,111.553,42227,194
-1.5254,111.5521,42228,195
-1.1304,111.4209,42228,196
-1.1325,111.4317,42228,197
-1.9239,111.7347,42229,198
-1.1107,111.485,42230,199
-2.4592,111.4108,42230,200
-1.971,111.5469,42230,201
-1.9976,111.0331,42230,202
-1.9938,110.9943,42230,203
-1.9952,110.985,42230,204
-1.8638,111.5147,42230,205
-1.8625,111.3264,42230,206
-1.8042,111.5603,42230,207
-1.8056,111.5505,42230,208
-1.7677,111.4154,42230,209
-1.6549,111.4223,42230,210
-1.6564,111.4126,42230,211
-1.6251,111.392,42230,212
-1.6265,111.3824,42230,213
-1.6158,111.3907,42230,214
-1.6171,111.381,42230,215
-1.5808,110.922,42230,216
-1.5821,110.9127,42230,217
-1.2968,111.1137,42230,218
-1.1788,111.4261,42230,219
-1.1037,111.4152,42230,220
-1.9695,111.5399,42231,221
-1.9651,111.543,42232,222
-1.9665,111.5529,42232,223
-2.0074,111.7007,42232,224
-2.0169,111.6994,42232,225
-2.0184,111.7095,42232,226
-2.0672,111.9756,42232,227
-2.2645,111.4263,42232,228
-2.1639,111.5483,42232,229
-2.1653,111.539,42232,230
-2.1489,111.0778,42232,231
-2.0411,111.6383,42232,232
-2.0996,111.159,42232,233
-2.0138,111.7001,42232,234
-1.9708,111.5463,42232,235
-1.9605,111.488,42232,236
-1.9046,111.3026,42232,237
-1.8901,111.3389,42232,238
-1.9024,111.1185,42232,239
-1.8302,111.4382,42232,240
-1.9008,110.9448,42232,241
-1.7973,111.5377,42232,242
-1.7986,111.5284,42232,243
-1.7882,111.5364,42232,244
-1.8133,111.3596,42232,245
-1.7687,111.543,42232,246
-1.77,111.5338,42232,247
-1.7531,111.5219,42232,248
-1.7623,111.4039,42232,249
-1.7636,111.3946,42232,250
-1.7531,111.4026,42232,251
-1.7545,111.3933,42232,252
-1.7714,111.0779,42232,253
-1.7515,111.0848,42232,254
-1.7681,110.9006,42232,255
-1.7695,110.8909,42232,256
-1.6698,111.4032,42232,257
-1.7376,110.7999,42232,258
-1.739,110.7902,42232,259
-1.6163,111.3861,42232,260
-1.6433,111.0628,42232,261
-1.6327,111.0711,42232,262
-1.634,111.0615,42232,263
-1.6271,111.0647,42232,264
-1.6284,111.0552,42232,265
-1.5011,111.1661,42232,266
-1.1711,111.4153,42232,267
-1.153,111.3467,42232,268
-1.1439,111.3454,42232,269
-1.1452,111.3362,42232,270
-1.1165,111.4734,42232,271
-1.1151,111.4199,42232,272
-1.1164,111.4106,42232,273
-1.8966,110.9564,42233,274
-1.1667,111.4301,42234,275
-2.441,111.264,42234,276
-2.4772,111.6904,42234,277
-2.4482,111.2568,42234,278
-2.4475,111.2662,42234,279
-2.2141,111.4538,42234,280
-1.9723,111.5481,42234,281
-1.9742,111.5345,42234,282
-1.9174,111.5198,42234,283
-1.9065,111.5182,42234,284
-1.9351,111.2369,42234,285
-1.8585,111.622,42234,286
-1.8604,111.6085,42234,287
-1.8609,111.5257,42234,288
-1.8627,111.512,42234,289
-1.8595,111.5202,42234,290
-1.8615,111.5066,42234,291
-1.8279,111.585,42234,292
-1.913,110.9134,42234,293
-1.9152,110.8984,42234,294
-1.8334,111.3902,42234,295
-1.7984,111.3994,42234,296
-1.8062,111.3438,42234,297
-1.7664,111.5487,42234,298
-1.7683,111.5352,42234,299
-1.7574,111.5337,42234,300
-1.762,111.5552,42234,301
-1.764,111.5417,42234,302
-1.7531,111.5402,42234,303
-1.7498,111.3295,42234,304
-1.7367,111.342,42234,305
-1.6975,111.2158,42234,306
-1.6996,111.2013,42234,307
-1.6563,111.4237,42234,308
-1.6583,111.4101,42234,309
-1.6864,111.2141,42234,310
-1.6885,111.1995,42234,311
-1.6474,111.0027,42234,312
-1.6465,111.0101,42234,313
-1.5566,111.3184,42234,314
-1.5585,111.3048,42234,315
-1.5153,111.2068,42234,316
-1.5173,111.1926,42234,317
-1.2794,111.9773,42234,318
-1.2811,111.9649,42234,319
-1.0281,111.4721,42234,320
-1.0301,111.4587,42234,321
-1.0174,111.4701,42234,322
-1.0193,111.4569,42234,323
-1.9601,111.544,42234,324
-1.9705,111.5456,42234,325
-2.0137,111.3214,42234,326
-2.0119,111.3333,42234,327
-2.4313,111.6809,42234,328
-1.959,111.5473,42234,329
-2.0097,111.3253,42234,330
-2.0112,111.335,42234,331
-1.819,111.3703,42235,332
-1.822,111.3508,42235,333
-1.8825,110.955,42235,334
-1.8197,111.3628,42235,335
-1.8801,110.9472,42235,336
-1.8068,111.3609,42235,337
-1.698,111.0461,42235,338
-1.6854,111.0446,42235,339
-1.6937,111.0575,42235,340
-1.6965,111.0384,42235,341
-1.6378,111.0875,42235,342
-1.6405,111.0688,42235,343
-1.621,111.0272,42235,344
-1.6238,111.0082,42235,345
-1.6212,111.0218,42235,346
-1.5202,111.1814,42235,347
-2.0293,111.9972,42235,348
-2.0323,112.0023,42235,349
-2.2356,111.4728,42236,350
-2.2679,111.5161,42236,351
-2.3385,111.6921,42236,352
-2.3404,111.7049,42236,353
-1.7429,111.0948,42236,354
-1.7418,111.0882,42236,355
-2.2653,111.5131,42236,356
-2.2438,111.4607,42236,357
-2.2362,111.477,42236,358
-2.2397,111.4527,42236,359
-2.1006,111.1764,42236,360
-2.0983,111.1688,42236,361
-2.0023,111.4326,42236,362
-1.9714,111.5503,42236,363
-1.905,111.6795,42236,364
-1.9083,111.6564,42236,365
-1.8942,111.6557,42236,366
-1.9145,111.5134,42236,367
-1.8529,111.3009,42236,368
-1.8563,111.2766,42236,369
-1.9074,110.9177,42236,370
-1.8013,111.5632,42236,371
-1.8046,111.5397,42236,372
-1.7774,111.6321,42236,373
-1.8141,111.3702,42236,374
-1.789,111.3426,42236,375
-1.8108,111.3645,42236,376
-1.8002,111.3385,42236,377
-1.7574,111.3337,42236,378
-1.7606,111.3113,42236,379
-1.7465,111.3085,42236,380
-1.6438,111.3855,42236,381
-1.6929,110.9326,42236,382
-1.6302,111.1514,42236,383
-1.5625,111.3189,42236,384
-1.5659,111.295,42236,385
-1.5275,111.3624,42236,386
-1.5228,111.1873,42236,387
-1.526,111.1637,42236,388
-1.5609,110.9091,42236,389
-1.5195,111.3789,42236,390
-1.5195,111.1803,42236,391
-1.5229,111.1568,42236,392
-1.5598,110.9008,42236,393
-1.3788,111.6693,42236,394
-1.3833,111.6879,42236,395
-1.3865,111.6661,42236,396
-1.8323,111.8181,42236,397
-1.8426,111.8104,42236,398
-1.8413,111.8195,42236,399
-1.879,111.8124,42236,400
-1.8777,111.8215,42236,401
-1.9535,111.5479,42236,402
-1.9151,111.8823,42236,403
-1.9715,111.5505,42236,404
-1.9241,111.8836,42236,405
-2.0123,111.3284,42236,406
-2.095,111.7178,42236,407
-2.2404,111.0188,42236,408
-2.2074,111.4479,42236,409
-2.2317,111.4696,42236,410
-1.8326,111.8154,42236,411
-1.834,111.8245,42236,412
-1.8786,111.8206,42236,413
-1.9684,111.5491,42236,414
-1.8839,111.8148,42237,415
-1.9029,111.2992,42237,416
-1.8418,111.4034,42237,417
-1.833,111.4083,42237,418
-1.6609,111.1819,42237,419
-1.6625,111.1709,42237,420
-1.4959,111.1218,42237,421
-1.2506,111.8131,42237,422
-1.6586,111.4046,42238,423
-1.0476,111.4854,42238,424
-2.0198,111.3302,42238,425
-1.9826,111.2345,42238,426
-2.036,111.4391,42238,427
-2.0345,111.4499,42238,428
-2.0443,111.4513,42238,429
-1.8386,111.8198,42238,430
-1.8401,111.8094,42238,431
-1.8344,111.8193,42239,432
-1.8394,111.8128,42239,433
-2.2333,111.2083,42239,434
-2.3004,111.3729,42239,435
-2.2225,111.7258,42239,436
-2.2314,111.4721,42239,437
-1.9526,111.9407,42239,438
-1.9539,111.9317,42239,439
-2.0203,111.3321,42239,440
-2.0216,111.3232,42239,441
-2.0444,111.0359,42239,442
-1.886,111.7593,42239,443
-1.8873,111.7503,42239,444
-1.8781,111.7524,42239,445
-1.8499,111.8217,42239,446
-1.8383,111.646,42239,447
-1.8893,111.2894,42239,448
-1.8906,111.2805,42239,449
-1.8353,111.3387,42239,450
-1.8366,111.3298,42239,451
-1.8047,111.3615,42239,452
-1.7957,111.3602,42239,453
-1.5852,110.7762,42239,454
-1.5839,110.7851,42239,455
-1.5763,110.9023,42239,456
-1.5751,110.9112,42239,457
-1.5853,110.9036,42239,458
-1.584,110.9125,42239,459
-1.5713,111.0014,42239,460
-1.616,111.0079,42239,461
-1.6985,110.9436,42239,462
-1.6972,110.9525,42239,463
-1.5623,110.873,42239,464
-1.5724,110.8016,42239,465
-1.57,111.0103,42239,466
-1.607,110.8157,42239,467
-1.5294,111.3585,42239,468
-2.2405,111.4855,42240,469
-2.2384,111.4787,42240,470
-1.9658,111.5496,42240,471
-1.1615,111.3995,42241,472
-1.1601,111.3906,42241,473
-1.0379,111.4962,42241,474
-2.2924,111.6937,42241,475
-2.294,111.683,42241,476
-2.2103,111.6209,42241,477
-1.877,111.7511,42241,478
-1.8673,111.7497,42241,479
-1.8687,111.7393,42241,480
-1.8858,111.5282,42241,481
-1.8575,111.6554,42241,482
-1.8141,111.5401,42241,483
-1.8939,110.9684,42241,484
-1.7896,111.6297,42241,485
-1.8764,110.9603,42241,486
-1.7893,111.3531,42241,487
-1.7931,111.183,42241,488
-1.7831,111.1816,42241,489
-1.7847,111.1703,42241,490
-1.7895,111.1361,42241,491
-1.7911,111.1247,42241,492
-1.7219,111.1777,42241,493
-1.7234,111.1667,42241,494
-1.7118,111.1764,42241,495
-1.6971,111.2088,42241,496
-1.6855,111.2188,42241,497
-1.6871,111.2072,42241,498
-1.6522,111.3839,42241,499
-1.6293,111.3973,42241,500
-1.6309,111.3862,42241,501
-1.6211,111.3846,42241,502
-1.653,111.1625,42241,503
-1.6382,111.1949,42241,504
-1.6398,111.1835,42241,505
-1.6359,111.0675,42241,506
-1.613,111.1568,42241,507
-1.603,111.1555,42241,508
-1.6046,111.1442,42241,509
-1.5444,111.3448,42241,510
-1.4967,111.5369,42241,511
-1.4983,111.5261,42241,512
-1.52,111.3746,42241,513
-1.5216,111.3637,42241,514
-1.5154,111.1938,42241,515
-1.517,111.1825,42241,516
-1.3459,111.7459,42241,517
-1.3474,111.7355,42241,518
-1.3002,111.9999,42241,519
-1.2747,111.8028,42241,520
-1.2651,111.8014,42241,521
-1.254,111.8103,42241,522
-1.2555,111.8001,42241,523
-1.2516,111.6193,42241,524
-1.2531,111.6089,42241,525
-1.0529,111.498,42241,526
-1.9623,111.5431,42241,527
-1.9583,111.5368,42241,528
-2.2667,111.4602,42242,529
-1.9028,110.8709,42242,530
-1.614,111.1616,42242,531
-1.6109,111.1533,42242,532
-1.5796,110.7454,42242,533
-1.5305,111.188,42242,534
-1.5837,110.7507,42242,535
-1.5352,111.1672,42242,536
-1.5313,111.1933,42242,537
-1.8648,111.6619,42243,538
-1.8673,111.6443,42243,539
-1.8592,111.6742,42243,540
-1.8619,111.6564,42243,541
-1.8033,111.5403,42243,542
-1.917,110.9274,42244,543
-1.7689,111.0869,42245,544
-2.0511,111.3977,42245,545
-2.0556,111.3654,42245,546
-1.9687,111.6449,42245,547
-2.0425,111.3895,42245,548
-1.9741,111.6384,42245,549
-1.8871,111.6896,42245,550
-1.8929,111.6854,42245,551
-1.8661,111.6501,42245,552
-1.7835,111.67,42245,553
-1.7883,111.6643,42245,554
-1.7727,111.6623,42245,555
-1.6683,111.4192,42245,556
-1.6525,111.4168,42245,557
-1.6545,111.4422,42245,558
-1.659,111.4109,42245,559
-1.5999,111.3702,42245,560
-1.6043,111.339,42245,561
-1.6464,111.0392,42245,562
-1.6205,111.105,42245,563
-1.6252,111.0712,42245,564
-1.63,111.0367,42245,565
-1.6075,111.3668,42245,566
-1.6352,111.068,42245,567
-1.6402,111.0338,42245,568
-1.6188,111.0662,42245,569
-1.2496,111.827,42245,570
-2.2496,111.3295,42245,571
-2.0023,111.5221,42245,572
-1.9932,111.5208,42245,573
-1.9945,111.5115,42245,574
-2.021,111.3253,42245,575
-1.9243,111.8752,42245,576
-2.2944,111.2771,42245,577
-2.2931,111.2866,42245,578
-1.8984,111.7973,42245,579
-1.8997,111.7882,42245,580
-1.8776,111.8163,42245,581
-1.8855,111.6966,42245,582
-1.8541,111.337,42245,583
-1.8533,111.1448,42245,584
-1.8547,111.1354,42245,585
-1.8199,110.8005,42245,586
-1.6339,111.0627,42245,587
-1.8515,111.1411,42245,588
-1.8526,111.147,42245,589
-1.7907,111.6667,42246,590
-1.8379,111.824,42246,591
-1.8439,111.8175,42246,592
-1.8462,111.8338,42246,593
-1.8402,111.6221,42246,594
-1.9009,111.793,42246,595
-1.9032,111.8092,42246,596
-1.8956,111.4499,42246,597
-1.8978,111.4652,42246,598
-2.0228,111.6162,42246,599
-2.24,111.247,42246,600
-1.9596,111.8511,42246,601
-1.9803,111.6406,42246,602
-1.9818,111.6307,42246,603
-1.9051,111.7965,42246,604
-1.8957,111.7951,42246,605
-1.9062,111.6543,42246,606
-1.873,111.751,42246,607
-1.841,111.8386,42246,608
-1.8425,111.8285,42246,609
-1.8439,111.8184,42246,610
-1.897,111.4531,42246,611
-1.8158,111.7053,42246,612
-1.8452,111.3012,42246,613
-1.8466,111.2916,42246,614
-1.7968,111.1332,42246,615
-1.5418,111.2979,42246,616
-1.5348,111.3463,42246,617
-1.5399,111.3767,42246,618
-1.5385,111.3865,42246,619
-1.559,111.3102,42246,620
-1.72,110.7632,42246,621
-1.7186,110.7724,42246,622
-1.658,111.3891,42246,623
-1.6566,111.3991,42246,624
-1.7329,111.4468,42246,625
-1.2633,111.1351,42246,626
-1.2734,111.7744,42246,627
-1.2924,111.6807,42246,628
-1.4301,111.1231,42246,629
-1.3405,111.7495,42246,630
-1.3971,111.7215,42246,631
-1.5683,110.8611,42246,632
-1.567,110.8703,42246,633
-1.5787,110.9191,42246,634
-1.5774,110.9285,42246,635
-1.5781,110.9832,42246,636
-1.5767,110.9927,42246,637
-2.4312,111.7149,42247,638
-2.4185,111.7267,42247,639
-2.4204,111.7134,42247,640
-2.0009,111.5137,42247,641
-1.8899,111.8354,42247,642
-1.8935,111.8095,42247,643
-1.9002,111.8048,42247,644
-1.8858,111.8291,42247,645
-1.8415,111.8359,42247,646
-1.8433,111.8231,42247,647
-1.7155,111.1863,42247,648
-1.7044,111.1848,42247,649
-1.7063,111.1707,42247,650
-1.7156,111.1801,42247,651
-1.7044,111.1786,42247,652
-1.6297,110.8188,42247,653
-1.6318,110.8036,42247,654
-2.4241,111.7216,42247,655
-1.4745,111.1525,42248,656
-1.4759,111.1619,42248,657
-1.5947,111.0238,42248,658
-1.5961,111.0332,42248,659
-1.6277,110.8132,42248,660
-1.629,110.8224,42248,661
-1.6646,111.0649,42248,662
-1.666,111.0743,42248,663
-1.6964,111.0893,42248,664
-1.721,111.1922,42248,665
-1.7224,111.2017,42248,666
-1.8396,111.8308,42248,667
-1.7029,110.8248,42248,668
-1.8491,111.8295,42248,669
-1.8374,111.6159,42248,670
-1.8953,111.8126,42248,671
-1.8875,111.5923,42248,672
-1.9916,111.7101,42248,673
-1.9955,111.7036,42248,674
-2.0247,111.638,42248,675
-2.2228,111.5366,42248,676
-2.2243,111.5466,42248,677
-2.4244,111.7217,42248,678
-2.4911,111.4148,42248,679
-2.4779,111.4418,42248,680
-2.4293,111.7202,42248,681
-2.2967,111.3556,42248,682
-1.9939,111.7398,42248,683
-1.9641,111.8846,42248,684
-1.9653,111.8755,42248,685
-1.9835,111.7476,42248,686
-1.9848,111.7385,42248,687
-1.9357,111.9546,42248,688
-1.9486,111.8638,42248,689
-1.9295,111.8737,42248,690
-1.969,111.5328,42248,691
-1.9309,111.7343,42248,692
-1.9599,111.5315,42248,693
-1.9219,111.733,42248,694
-1.9497,111.4064,42248,695
-1.9659,111.226,42248,696
-1.8422,111.8363,42248,697
-1.8435,111.8273,42248,698
-1.8982,110.9154,42248,699
-1.8995,110.9057,42248,700
-1.8934,110.9092,42248,701
-1.8443,111.1188,42248,702
-1.7733,111.5494,42248,703
-1.7839,111.4753,42248,704
-1.8794,110.8072,42248,705
-1.7642,111.5481,42248,706
-1.7606,111.3768,42248,707
-1.7031,110.8202,42248,708
-1.6376,110.8108,42248,709
-1.632,110.8034,42248,710
-1.5703,111.1002,42248,711
-1.5717,111.0906,42248,712
-1.548,111.0583,42248,713
-1.5494,111.0487,42248,714
-1.5741,110.8748,42248,715
-1.5755,110.8651,42248,716
-1.3662,111.9504,42248,717
-1.4549,111.136,42248,718
-1.3135,111.9337,42248,719
-1.3147,111.9247,42248,720
-1.3045,111.9324,42248,721
-1.2891,111.9762,42248,722
-1.2903,111.9671,42248,723
-1.316,111.7865,42248,724
-1.3173,111.7774,42248,725
-1.3152,111.7243,42248,726
-1.3061,111.723,42248,727
-1.2984,111.7126,42248,728
-1.2997,111.7035,42248,729
-1.2687,111.7918,42248,730
-1.3495,111.027,42248,731
-1.3509,111.0175,42248,732
-1.2837,111.1766,42248,733
-1.2851,111.1672,42248,734
-1.8359,111.1181,42248,735
-2.2605,111.4296,42248,736
-1.9689,111.8792,42248,737
-1.9884,111.7511,42248,738
-1.993,111.7461,42248,739
-1.961,111.8722,42248,740
-1.6331,110.8042,42248,741
-1.6242,110.8249,42248,742
-1.6223,110.8117,42248,743
-1.9895,111.7599,42248,744
-1.9837,111.7538,42248,745
-1.9871,111.7439,42248,746
-1.5395,111.0283,42249,747
-1.9916,111.7507,42249,748
-1.9947,111.7279,42249,749
-1.9854,111.7433,42249,750
-1.97,111.5529,42249,751
-1.9593,111.5276,42249,752
-1.9453,111.5256,42249,753
-1.951,111.545,42249,754
-1.9545,111.5215,42249,755
-1.8563,111.8117,42249,756
-1.9421,111.2106,42250,757
-1.7362,111.4439,42250,758
-1.7403,111.0961,42250,759
-1.7424,111.0816,42250,760
-1.7196,111.0792,42250,761
-1.5661,111.1928,42250,762
-1.5272,111.1448,42250,763
-1.528,111.1404,42250,764
-1.4682,111.159,42250,765
-2.1711,111.5238,42250,766
-1.9621,111.4808,42250,767
-1.8802,111.8484,42250,768
-1.882,111.8359,42250,769
-1.621,110.8117,42250,770
-1.9955,111.7491,42251,771
-1.6914,110.7908,42251,772
-1.2771,111.6559,42251,773
-1.8698,111.8246,42251,774
-1.8871,111.8269,42251,775
-1.8715,111.8298,42251,776
-1.8887,111.8325,42251,777
-2.2243,111.4565,42252,778
-2.1925,111.4768,42252,779
-2.1893,111.4715,42252,780
-2.1236,111.1044,42252,781
-2.122,111.0973,42252,782
-1.9279,111.9703,42252,783
-1.9345,111.9662,42252,784
-1.8823,111.8457,42252,785
-1.8854,111.8231,42252,786
-1.8752,111.8377,42252,787
-1.8785,111.8152,42252,788
-1.8122,111.6897,42252,789
-1.3476,111.8484,42252,790
-1.3161,111.7762,42252,791
-2.3925,111.4444,42252,792
-2.2673,111.4201,42252,793
-1.9599,111.8974,42252,794
-1.9612,111.8884,42252,795
-1.956,111.7313,42252,796
-1.9367,111.7377,42252,797
-1.9264,111.7454,42252,798
-1.9277,111.7364,42252,799
-1.929,111.7274,42252,800
-1.9547,111.5482,42252,801
-1.956,111.5392,42252,802
-2.4589,111.6879,42252,803
-2.4602,111.6789,42252,804
-1.8397,111.128,42252,805
-1.841,111.1191,42252,806
-1.8756,111.837,42252,807
-2.2703,111.4221,42253,808
-2.1773,111.4962,42253,809
-2.01,111.1675,42253,810
-1.9027,111.6864,42253,811
-1.834,110.838,42253,812
-1.8336,110.8321,42253,813
-1.7392,110.8622,42253,814
-1.736,110.8663,42253,815
-1.3099,111.7835,42253,816
-1.2839,111.1736,42253,817
-2.1798,111.4998,42254,818
-2.1847,111.4919,42254,819
-2.1884,111.5153,42254,820
-2.3206,111.4378,42254,821
-2.1777,111.9446,42254,822
-1.5157,111.177,42255,823
-1.583,110.8033,42255,824
-1.5846,110.814,42255,825
-1.6498,111.0434,42255,826
-1.6825,111.1295,42255,827
-1.6841,111.1405,42255,828
-1.6874,111.1634,42255,829
-1.6763,111.017,42255,830
-1.6844,111.0724,42255,831
-1.686,111.0836,42255,832
-1.6862,111.0155,42255,833
-1.7224,111.193,42255,834
-1.724,111.2041,42255,835
-1.8825,111.8051,42255,836
-1.8248,111.0574,42255,837
-1.8262,111.0627,42255,838
-1.9107,111.657,42255,839
-1.9706,111.489,42255,840
-1.9797,111.2777,42255,841
-2.0287,111.33,42255,842
-2.216,111.4966,42255,843
-2.2502,111.443,42255,844
-2.2609,111.5149,42255,845
-2.2572,111.5096,42255,846
-2.2589,111.5217,42255,847
-2.2492,111.1629,42255,848
-2.2984,111.4304,42255,849
-2.3087,111.4289,42255,850
-2.3104,111.4409,42255,851
-2.3207,111.4394,42255,852
-2.4441,111.7278,42255,853
-2.436,111.2545,42255,854
-2.4529,111.3722,42255,855
-2.4546,111.3841,42255,856
-2.086,111.0948,42255,857
-2.0873,111.0859,42255,858
-2.0147,111.5298,42255,859
-2.016,111.5209,42255,860
-2.0453,111.316,42255,861
-1.9569,111.8621,42255,862
-2.0347,111.317,42255,863
-2.036,111.3081,42255,864
-2.0627,111.1212,42255,865
-2.0639,111.1123,42255,866
-1.9531,111.8248,42255,867
-1.9544,111.8158,42255,868
-1.9633,111.753,42255,869
-1.9646,111.744,42255,870
-1.9735,111.6174,42255,871
-2.0308,111.2165,42255,872
-1.9377,111.7401,42255,873
-1.9389,111.7312,42255,874
-1.9645,111.5523,42255,875
-1.9747,111.481,42255,876
-2.0116,111.2229,42255,877
-1.9287,111.7388,42255,878
-1.9581,111.5332,42255,879
-1.9658,111.4797,42255,880
-1.967,111.4708,42255,881
-1.9861,111.2737,42255,882
-1.9874,111.2648,42255,883
-1.9886,111.2559,42255,884
-1.9428,111.5128,42255,885
-1.8927,111.7978,42255,886
-1.9133,111.6544,42255,887
-1.9043,111.6531,42255,888
-1.9256,111.441,42255,889
-1.9535,111.2452,42255,890
-1.8694,111.7705,42255,891
-1.8733,111.7435,42255,892
-1.8745,111.7346,42255,893
-1.8604,111.7691,42255,894
-1.8949,111.4639,42255,895
-1.8962,111.455,42255,896
-1.8859,111.4626,42255,897
-1.9597,110.9462,42255,898
-1.8154,111.8912,42255,899
-1.8167,111.8822,42255,900
-1.8833,111.4168,42255,901
-1.8846,111.4079,42255,902
-1.901,111.165,42255,903
-1.9023,111.1561,42255,904
-1.8245,111.5721,42255,905
-1.8421,111.3769,42255,906
-1.9159,110.8605,42255,907
-1.8382,111.34,42255,908
-1.7859,111.6419,42255,909
-1.7872,111.633,42255,910
-1.7731,111.6675,42255,911
-1.7744,111.6585,42255,912
-1.8418,111.1226,42255,913
-1.7654,111.5933,42255,914
-1.7833,111.4684,42255,915
-1.8075,111.2992,42255,916
-1.8201,111.1467,42255,917
-1.5865,111.9473,42255,918
-1.5878,111.9382,42255,919
-1.5891,111.9292,42255,920
-1.7448,110.7691,42255,921
-1.6836,111.1331,42255,922
-1.7025,110.8087,42255,923
-1.7038,110.7997,42255,924
-1.6351,111.1533,42255,925
-1.6261,111.0885,42255,926
-1.5718,111.2112,42255,927
-1.5731,111.2023,42255,928
-1.6125,110.8629,42255,929
-1.6137,110.854,42255,930
-1.6086,110.8259,42255,931
-1.6099,110.817,42255,932
-1.4167,111.9753,42255,933
-1.5004,111.3917,42255,934
-1.5017,111.3828,42255,935
-1.5754,110.8666,42255,936
-1.5843,110.8042,42255,937
-1.4927,111.3815,42255,938
-1.4871,111.1562,42255,939
-1.4883,111.1473,42255,940
-1.4285,111.502,42255,941
-1.35,111.987,42255,942
-1.3513,111.9779,42255,943
-1.341,111.9857,42255,944
-1.3423,111.9766,42255,945
-1.3167,111.8377,42255,946
-1.318,111.8286,42255,947
-1.3244,111.7835,42255,948
-1.3257,111.7745,42255,949
-1.3052,111.79,42255,950
-1.3,111.7616,42255,951
-1.3013,111.7526,42255,952
-1.2756,111.7397,42255,953
-1.2859,111.6678,42255,954
-1.2872,111.6589,42255,955
-1.2769,111.6665,42255,956
-1.2782,111.6575,42255,957
-1.2551,111.6203,42255,958
-1.2563,111.6113,42255,959
-1.3046,111.145,42255,960
-1.3059,111.1361,42255,961
-1.2956,111.1437,42255,962
-1.2969,111.1348,42255,963
-2.4789,111.6906,42255,964
-2.498,111.4931,42255,965
-2.4571,111.7148,42255,966
-2.4782,111.4392,42255,967
-2.4195,111.722,42255,968
-2.4259,111.6136,42255,969
-2.4272,111.6046,42255,970
-2.4539,111.4175,42255,971
-2.4603,111.373,42255,972
-2.4169,111.6123,42255,973
-2.4182,111.6033,42255,974
-2.4513,111.3717,42255,975
-2.3926,111.4632,42255,976
-2.3938,111.4543,42255,977
-2.3951,111.4454,42255,978
-2.3964,111.4365,42255,979
-2.3858,111.4374,42255,980
-2.3284,111.7113,42255,981
-2.3219,111.4373,42255,982
-2.3231,111.4284,42255,983
-2.3129,111.436,42255,984
-2.304,111.4347,42255,985
-2.3052,111.4258,42255,986
-2.2829,111.3897,42255,987
-2.2841,111.3808,42255,988
-2.2612,111.4774,42255,989
-2.2573,111.4405,42255,990
-2.2343,111.4736,42255,991
-2.2356,111.4647,42255,992
-2.2228,111.4901,42255,993
-2.2267,111.4634,42255,994
-2.2139,111.4888,42255,995
-2.21,111.4519,42255,996
-2.2113,111.443,42255,997
-2.1943,111.4885,42255,998
-2.1956,111.4796,42255,999
-2.1866,111.4147,42255,1000
-2.1534,111.519,42255,1001
-2.0928,111.5592,42255,1002
-2.0838,111.5579,42255,1003
-2.0965,111.4051,42255,1004
-2.1334,111.147,42255,1005
-2.1448,111.0669,42255,1006
-2.1461,111.058,42255,1007
-2.0722,111.3835,42255,1008
-2.076,111.3567,42255,1009
-2.0709,111.3288,42255,1010
-2.1052,111.0885,42255,1011
-2.0505,111.4076,42255,1012
-1.9684,111.9163,42255,1013
-2.0822,111.1215,42255,1014
-2.0835,111.1126,42255,1015
-2.3028,111.4346,42255,1016
-2.3196,111.4482,42255,1017
-2.0709,111.1106,42256,1018
-2.0561,111.1036,42256,1019
-1.5885,110.8335,42256,1020
-1.588,110.8251,42256,1021
-2.4914,111.6556,42256,1022
-2.479,111.6539,42256,1023
-2.502,111.3968,42256,1024
-2.3389,111.4377,42256,1025
-2.3264,111.4359,42256,1026
-2.2548,111.4755,42256,1027
-1.9231,111.7887,42256,1028
-1.9255,111.7717,42256,1029
-1.8774,111.8512,42256,1030
-1.8797,111.8345,42256,1031
-1.8728,111.8442,42256,1032
-1.8752,111.8274,42256,1033
-2.479,111.6643,42256,1034
-1.0266,111.4946,42257,1035
-1.2938,111.8082,42257,1036
-1.2951,111.8171,42257,1037
-1.2971,111.1407,42257,1038
-1.2984,111.1496,42257,1039
-1.5597,111.0479,42257,1040
-1.6114,110.8404,42257,1041
-1.7199,110.8854,42257,1042
-1.8579,111.8216,42257,1043
-1.8786,111.8371,42257,1044
-1.8799,111.8461,42257,1045
-1.8897,111.7254,42257,1046
-1.9093,111.7959,42257,1047
-1.9212,111.877,42257,1048
-1.9169,111.7857,42257,1049
-1.9183,111.7947,42257,1050
-1.9061,111.6499,42257,1051
-1.9074,111.6588,42257,1052
-1.9259,111.7844,42257,1053
-1.8873,111.4611,42257,1054
-1.8965,111.5235,42257,1055
-1.9381,111.74,42257,1056
-1.9617,111.5265,42257,1057
-1.8892,110.7849,42257,1058
-1.8905,110.7938,42257,1059
-2.0831,111.5392,42257,1060
-2.1056,111.6914,42257,1061
-2.1348,111.1373,42257,1062
-2.2232,111.4885,42257,1063
-2.2591,111.4834,42257,1064
-2.2702,111.4303,42257,1065
-2.2844,111.4647,42257,1066
-2.2829,111.392,42257,1067
-2.3356,111.4392,42257,1068
-2.337,111.4481,42257,1069
-2.3446,111.4379,42257,1070
-2.4318,111.2765,42257,1071
-2.487,111.6522,42257,1072
-2.4868,111.588,42257,1073
-2.4881,111.597,42257,1074
-2.4747,111.4435,42257,1075
-2.4958,111.5868,42257,1076
-2.493,111.6584,42257,1077
-2.4945,111.6476,42257,1078
-2.4924,111.5917,42257,1079
-2.494,111.5808,42257,1080
-2.4991,111.4007,42257,1081
-2.2267,111.8907,42257,1082
-2.2851,111.4718,42257,1083
-2.2867,111.4608,42257,1084
-2.286,111.3927,42257,1085
-2.2868,111.3871,42257,1086
-2.2657,111.4634,42257,1087
-2.2673,111.4523,42257,1088
-2.223,111.4798,42257,1089
-2.2177,111.4453,42257,1090
-2.2001,111.499,42257,1091
-2.2016,111.488,42257,1092
-2.2207,111.205,42257,1093
-2.1107,111.6896,42257,1094
-2.1206,111.3342,42257,1095
-2.1374,111.1398,42257,1096
-2.139,111.1282,42257,1097
-2.1378,111.1461,42257,1098
-2.1395,111.1346,42257,1099
-2.1294,111.1332,42257,1100
-2.0721,111.3901,42257,1101
-1.9702,111.5257,42257,1102
-1.9718,111.5148,42257,1103
-1.8893,111.453,42257,1104
-1.9259,111.1273,42257,1105
-1.8798,110.9486,42257,1106
-1.816,111.105,42257,1107
-1.7494,111.5044,42257,1108
-1.7509,111.4935,42257,1109
-1.6972,111.5793,42257,1110
-1.6987,111.5686,42257,1111
-1.6874,111.5779,42257,1112
-1.6889,111.5672,42257,1113
-1.6746,111.5981,42257,1114
-1.6761,111.5873,42257,1115
-1.6795,111.0621,42257,1116
-1.5898,111.1883,42257,1117
-1.5914,111.177,42257,1118
-1.577,110.9954,42257,1119
-1.5786,110.9842,42257,1120
-1.5767,110.8522,42257,1121
-1.3111,111.795,42257,1122
-1.2865,111.807,42257,1123
-1.2769,111.8056,42257,1124
-1.3011,111.1348,42257,1125
-1.8806,111.8478,42257,1126
-1.9137,111.7869,42257,1127
-1.9979,111.597,42257,1128
-2.0118,111.5833,42257,1129
-2.0095,111.5986,42257,1130
-2.2144,111.4557,42257,1131
-2.2827,111.466,42257,1132
-2.2826,111.4564,42257,1133
-2.3347,111.4187,42257,1134
-2.3325,111.4334,42257,1135
-2.3303,111.4483,42257,1136
-2.3439,111.4351,42257,1137
-2.3697,111.6459,42257,1138
-1.7104,110.7596,42257,1139
-2.2828,111.4674,42257,1140
-2.3308,111.4363,42257,1141
-2.3325,111.4483,42257,1142
-2.3623,111.6539,42257,1143
-2.3401,111.4444,42259,1144
-2.3414,111.4347,42259,1145
-2.3428,111.4251,42259,1146
-2.3308,111.443,42259,1147
-2.3321,111.4334,42259,1148
-2.3215,111.4417,42259,1149
-2.3228,111.432,42259,1150
-2.258,111.309,42259,1151
-2.2593,111.2995,42259,1152
-1.9546,111.2365,42259,1153
-1.9389,111.2148,42259,1154
-1.604,110.8241,42259,1155
-2.3207,111.4343,42259,1156
-2.3221,111.4432,42259,1157
-2.3297,111.433,42259,1158
-2.331,111.4419,42259,1159
-2.3387,111.4317,42259,1160
-2.34,111.4406,42259,1161
-1.8492,111.7936,42260,1162
-1.8724,111.8481,42260,1163
-1.9469,111.9502,42260,1164
-1.9901,111.7124,42260,1165
-2.0073,111.7314,42260,1166
-1.9148,111.7876,42260,1167
-1.9753,111.5421,42260,1168
-2.0142,111.5169,42260,1169
-2.0804,111.3805,42260,1170
-1.4534,111.9723,42260,1171
-1.5545,111.0575,42260,1172
-2.3391,111.4426,42261,1173
-1.57,110.8422,42261,1174
-1.2929,111.959,42261,1175
-1.2978,111.7158,42261,1176
-2.4947,111.4116,42261,1177
-2.4961,111.4022,42261,1178
-2.446,111.4239,42261,1179
-2.3237,111.7051,42261,1180
-2.3436,111.4322,42261,1181
-2.333,111.4403,42261,1182
-2.3344,111.4309,42261,1183
-2.3238,111.439,42261,1184
-2.3252,111.4296,42261,1185
-2.2843,111.4654,42261,1186
-2.2752,111.4641,42261,1187
-2.2792,111.4359,42261,1188
-2.2832,111.4077,42261,1189
-2.2542,111.4802,42261,1190
-2.245,111.4789,42261,1191
-2.2517,111.3648,42261,1192
-2.253,111.3553,42261,1193
-2.2246,111.2388,42261,1194
-2.1149,111.4289,42261,1195
-2.0756,111.3754,42261,1196
-2.0054,111.6822,42261,1197
-2.0455,111.3365,42261,1198
-1.9417,111.7387,42261,1199
-1.943,111.7295,42261,1200
-1.9626,111.5251,42261,1201
-2.0023,111.2436,42261,1202
-1.9735,111.2622,42261,1203
-1.8795,111.8539,42261,1204
-1.886,111.8084,42261,1205
-1.9017,111.6985,42261,1206
-1.903,111.6894,42261,1207
-1.8705,111.8526,42261,1208
-1.8563,111.8227,42261,1209
-1.8575,111.8136,42261,1210
-1.8588,111.8045,42261,1211
-1.7064,111.5174,42261,1212
-1.7319,110.7561,42261,1213
-1.7333,110.7463,42261,1214
-1.6868,110.9394,42261,1215
-1.4903,111.1565,42261,1216
-1.6986,111.5248,42261,1217
-1.6924,110.7964,42261,1218
-1.8542,111.8119,42261,1219
-1.8558,111.8223,42261,1220
-1.8832,111.8076,42261,1221
-1.8847,111.818,42261,1222
-1.8978,111.6914,42261,1223
-1.8994,111.7018,42261,1224
-1.9121,111.7859,42261,1225
-1.9348,111.7397,42261,1226
-2.1127,111.4282,42261,1227
-2.245,111.485,42261,1228
-2.2728,111.4699,42261,1229
-2.3203,111.4354,42261,1230
-2.3301,111.434,42261,1231
-2.3317,111.4448,42261,1232
-2.3399,111.4326,42261,1233
-1.8615,111.822,42262,1234
-1.9501,111.2356,42262,1235
-1.9973,111.2434,42262,1236
-2.1985,111.4473,42262,1237
-2.2513,111.4868,42262,1238
-2.2481,111.4813,42262,1239
-2.3003,111.2736,42262,1240
-2.336,111.4378,42262,1241
-2.3327,111.4319,42262,1242
-2.3656,111.7037,42262,1243
-2.2481,111.8731,42262,1244
-1.5794,111.1044,42262,1245
-1.5807,111.095,42262,1246
-1.2803,111.978,42262,1247
-1.2818,111.9676,42262,1248
-1.2708,111.8396,42262,1249
-1.2612,111.8381,42262,1250
-1.8606,111.8268,42262,1251
-1.8576,111.8201,42262,1252
-2.3952,111.4338,42263,1253
-2.0509,111.3317,42266,1254
-1.8582,111.8308,42266,1255
-1.8769,111.7068,42266,1256
-1.9007,111.308,42266,1257
-1.9297,111.5043,42266,1258
-1.9099,111.3067,42266,1259
-1.9735,111.4921,42266,1260
-2.1986,111.3902,42266,1261
-2.2586,111.4888,42266,1262
-2.3753,111.466,42266,1263
-2.4922,111.6959,42266,1264
-2.4348,111.5992,42266,1265
-2.2056,111.3947,42266,1266
-2.1821,111.4858,42266,1267
-2.1838,111.4742,42266,1268
-1.6255,110.812,42266,1269
-2.1784,111.4867,42266,1270
-2.2524,111.4907,42266,1271
-2.3274,111.4433,42266,1272
-2.3652,111.4623,42266,1273
-1.3379,111.9542,42267,1274
-1.3346,111.9615,42267,1275
-1.3291,111.9244,42267,1276
-2.4681,111.2531,42267,1277
-1.3267,111.9083,42268,1278
-1.3374,111.9069,42268,1279
-1.8866,111.8157,42268,1280
-1.9577,111.2189,42268,1281
-2.1936,111.4864,42268,1282
-2.4399,111.7104,42268,1283
-2.432,111.7279,42268,1284
-2.4354,111.7045,42268,1285
-2.1471,111.955,42268,1286
-2.1397,111.9471,42268,1287
-2.1928,111.4817,42268,1288
-2.0474,111.9118,42268,1289
-2.0545,111.9078,42268,1290
-2.0053,111.7627,42268,1291
-2.0085,111.7397,42268,1292
-2.026,111.1682,42268,1293
-2.0008,111.2427,42268,1294
-1.9098,111.7889,42268,1295
-1.8929,111.8096,42268,1296
-1.8869,111.8036,42268,1297
-1.5993,111.9553,42268,1298
-1.6023,111.9345,42268,1299
-1.6044,111.9501,42268,1300
-1.3402,111.9435,42268,1301
-1.3432,111.9221,42268,1302
-1.3324,111.9376,42268,1303
-1.264,111.8397,42268,1304
-1.2561,111.8315,42268,1305
-2.2235,111.484,42268,1306
-2.1954,111.489,42268,1307
-2.1966,111.4801,42268,1308
-2.1774,111.4864,42268,1309
-2.1458,111.4486,42268,1310
-2.0856,111.4218,42268,1311
-2.0743,111.3683,42268,1312
-2.0106,111.7512,42268,1313
-2.0119,111.7422,42268,1314
-2.0016,111.7499,42268,1315
-2.0029,111.7409,42268,1316
-2.0054,111.723,42268,1317
-2.0538,111.3836,42268,1318
-2.0372,111.4358,42268,1319
-2.0487,111.3555,42268,1320
-2.0944,111.0346,42268,1321
-1.9887,111.5836,42268,1322
-2.0065,111.4586,42268,1323
-2.0292,111.1709,42268,1324
-1.9686,111.5292,42268,1325
-1.9583,111.5368,42268,1326
-1.92,111.7413,42268,1327
-1.9213,111.7324,42268,1328
-1.9021,111.8029,42268,1329
-1.9034,111.7939,42268,1330
-1.9059,111.7759,42268,1331
-1.9072,111.767,42268,1332
-1.9417,111.5253,42268,1333
-1.9429,111.5164,42268,1334
-1.9836,111.2311,42268,1335
-1.8905,111.8195,42268,1336
-1.8918,111.8106,42268,1337
-1.9327,111.524,42268,1338
-1.8815,111.8183,42268,1339
-1.8828,111.8093,42268,1340
-1.8584,111.8516,42268,1341
-1.9465,111.2349,42268,1342
-1.8178,111.6197,42268,1343
-1.6424,111.9462,42268,1344
-1.7066,110.7845,42268,1345
-1.3484,111.9441,42268,1346
-1.3496,111.935,42268,1347
-1.3393,111.9428,42268,1348
-1.3406,111.9337,42268,1349
-1.3303,111.9415,42268,1350
-1.3316,111.9324,42268,1351
-1.3251,111.913,42268,1352
-2.4788,111.6942,42268,1353
-2.4289,111.7235,42268,1354
-2.4301,111.7146,42268,1355
-2.4607,111.5003,42268,1356
-2.4443,111.4188,42268,1357
-2.4492,111.2558,42268,1358
-2.3805,111.6099,42268,1359
-2.3357,111.6672,42268,1360
-2.3369,111.6583,42268,1361
-2.3216,111.7017,42268,1362
-2.3229,111.6927,42268,1363
-2.3267,111.6659,42268,1364
-2.3307,111.442,42268,1365
-2.3345,111.4153,42268,1366
-2.258,111.4344,42268,1367
-2.2593,111.4254,42268,1368
-2.1803,111.9164,42268,1369
-1.3227,111.9159,42268,1370
-1.3358,111.9419,42268,1371
-1.3448,111.9406,42268,1372
-1.8793,111.8173,42268,1373
-1.8806,111.8264,42268,1374
-1.8883,111.816,42268,1375
-1.7798,110.9505,42268,1376
-1.9011,111.7769,42268,1377
-1.9051,111.8043,42268,1378
-1.7892,110.9492,42268,1379
-1.9144,111.7412,42268,1380
-1.9391,111.531,42268,1381
-1.9988,111.7478,42268,1382
-2.0058,111.7403,42268,1383
-2.0072,111.7494,42268,1384
-2.035,111.4348,42268,1385
-2.0364,111.4441,42268,1386
-2.1893,111.4855,42268,1387
-2.3236,111.7043,42268,1388
-2.3273,111.6664,42268,1389
-2.3364,111.6651,42268,1390
-2.3221,111.4416,42268,1391
-2.3349,111.4141,42268,1392
-2.4267,111.72,42268,1393
-2.428,111.729,42268,1394
-2.479,111.6974,42268,1395
-1.3626,111.8957,42269,1396
-1.3583,111.8897,42269,1397
-1.8969,111.8215,42269,1398
-1.9092,111.5259,42269,1399
-2.0019,111.9826,42269,1400
-2.0112,111.5063,42269,1401
-2.0141,111.5263,42269,1402
-2.0395,111.4346,42269,1403
-2.0297,111.1786,42269,1404
-2.1899,111.3897,42269,1405
-2.1906,111.3962,42269,1406
-2.1248,111.1364,42269,1407
-2.1263,111.1254,42269,1408
-2.0071,111.7372,42269,1409
-2.0089,111.7251,42269,1410
-2.018,111.5186,42269,1411
-2.0896,111.0297,42269,1412
-1.9974,111.5879,42269,1413
-2.0061,111.5289,42269,1414
-2.0078,111.5172,42269,1415
-2.0486,111.2399,42269,1416
-1.9871,111.5867,42269,1417
-1.9888,111.5748,42269,1418
-2.0269,111.3179,42269,1419
-1.9553,111.7297,42269,1420
-2.0072,111.3212,42269,1421
-1.9571,111.7174,42269,1422
-1.8873,111.4392,42269,1423
-1.9335,111.1878,42269,1424
-1.9319,111.1991,42269,1425
-1.9435,111.1894,42269,1426
-1.9419,111.2007,42269,1427
-1.9026,111.4774,42269,1428
-1.9433,111.1962,42269,1429
-1.9417,111.2075,42269,1430
-1.9024,111.4722,42269,1431
-1.916,111.4503,42269,1432
-1.96,111.2216,42269,1433
-1.8835,111.8139,42269,1434
-1.9363,111.5252,42269,1435
-1.894,111.8154,42269,1436
-1.9901,111.2257,42269,1437
-1.9482,111.5149,42269,1438
-1.9465,111.5267,42269,1439
-1.9169,111.7309,42269,1440
-1.9116,111.7677,42269,1441
-1.908,111.7923,42269,1442
-1.9062,111.8046,42269,1443
-2.0298,111.1628,42269,1444
-2.0282,111.1739,42269,1445
-1.5435,111.0594,42269,1446
-1.5722,110.8615,42269,1447
-1.3244,111.9396,42269,1448
-1.3263,111.9267,42269,1449
-1.2868,111.9736,42269,1450
-1.2805,111.9791,42269,1451
-1.2823,111.9662,42269,1452
-1.8703,111.3417,42269,1453
-1.872,111.3302,42269,1454
-1.9384,110.8731,42269,1455
-1.8602,111.3402,42269,1456
-1.8619,111.3287,42269,1457
-1.8155,111.5735,42269,1458
-1.8998,110.7851,42269,1459
-1.8526,110.7669,42269,1460
-1.6921,111.5918,42269,1461
-1.7354,110.7982,42269,1462
-1.7055,110.788,42269,1463
-1.6746,110.7945,42269,1464
-1.8608,111.8477,42269,1465
-1.8648,111.8435,42269,1466
-2.4812,111.6912,42270,1467
-2.4565,111.5026,42270,1468
-2.4477,111.4216,42270,1469
-2.3977,111.4144,42270,1470
-2.3704,111.4613,42270,1471
-2.326,111.7012,42270,1472
-2.3276,111.6905,42270,1473
-2.3307,111.6688,42270,1474
-2.3322,111.6579,42270,1475
-2.3406,111.4571,42270,1476
-2.3421,111.4459,42270,1477
-2.1618,111.932,42270,1478
-1.9088,111.7703,42270,1479
-1.8917,111.8217,42270,1480
-1.8931,111.8111,42270,1481
-1.8946,111.8006,42270,1482
-1.8657,111.8443,42270,1483
-1.856,111.8429,42270,1484
-1.9288,111.2655,42270,1485
-1.8382,111.8297,42270,1486
-1.8397,111.8192,42270,1487
-1.9285,111.196,42270,1488
-1.9301,111.1846,42270,1489
-1.922,110.873,42270,1490
-1.7195,110.802,42270,1491
-1.834,111.8247,42270,1492
-1.8875,111.8168,42270,1493
-1.8894,111.8298,42270,1494
-2.3349,111.666,42270,1495
-2.3281,111.6611,42270,1496
-2.33,111.4562,42270,1497
-2.3409,111.4546,42270,1498
-1.9386,111.2,42271,1499
-2.3846,111.6136,42271,1500
-2.3526,111.7093,42271,1501
-2.3396,111.6644,42271,1502
-2.3409,111.6554,42271,1503
-2.3676,111.4681,42271,1504
-2.3255,111.6989,42271,1505
-2.3024,111.4769,42271,1506
-2.0106,111.975,42271,1507
-1.9784,111.4876,42271,1508
-1.9797,111.4787,42271,1509
-1.9707,111.4774,42271,1510
-1.863,111.8457,42271,1511
-1.868,111.749,42271,1512
-1.8475,111.8286,42271,1513
-1.9367,111.2033,42271,1514
-1.9583,110.9246,42271,1515
-1.8984,111.216,42271,1516
-1.8201,111.307,42271,1517
-1.8214,111.2981,42271,1518
-1.6828,111.9455,42271,1519
-1.8491,110.7838,42271,1520
-1.8504,110.7748,42271,1521
-1.6738,111.9442,42271,1522
-1.6995,111.5115,42271,1523
-2.4789,111.6709,42272,1524
-2.39,111.6523,42272,1525
-2.3925,111.6342,42272,1526
-2.3776,111.6506,42272,1527
-2.38,111.6325,42272,1528
-2.3881,111.6463,42272,1529
-2.3756,111.6445,42272,1530
-1.8417,111.8263,42272,1531
-1.866,111.8298,42272,1532
-1.8635,111.8468,42272,1533
-1.9829,111.4728,42272,1534
-2.1328,111.7094,42272,1535
-2.3818,111.6479,42272,1536
-2.3754,111.644,42272,1537
-2.379,111.6666,42272,1538
-2.0129,111.0287,42273,1539
-1.9244,110.872,42273,1540
-1.7854,110.9785,42273,1541
-1.8614,110.9476,42273,1542
-2.4872,111.6671,42273,1543
-2.4735,111.6805,42273,1544
-2.4757,111.6654,42273,1545
-2.4951,111.4561,42273,1546
-2.3869,111.6462,42273,1547
-2.3234,111.6924,42273,1548
-2.252,111.7762,42273,1549
-2.0627,111.6564,42273,1550
-2.0661,111.6513,42273,1551
-2.0231,111.2307,42273,1552
-1.6267,111.3549,42273,1553
-2.0364,111.2523,42273,1554
-2.4751,111.6763,42273,1555
-1.6,110.7922,42275,1556
-1.5986,110.8014,42275,1557
-1.6077,110.8027,42275,1558
-1.6307,111.3495,42275,1559
-1.9725,110.9556,42275,1560
-1.9566,111.5102,42275,1561
-1.9552,111.5199,42275,1562
-2.0715,111.6819,42275,1563
-2.1713,111.4945,42275,1564
-2.4912,111.4517,42275,1565
-2.4898,111.4612,42275,1566
-2.4972,111.4588,42275,1567
-1.5939,110.8055,42275,1568
-1.6029,110.8042,42275,1569
-1.6042,110.8131,42275,1570
-2.0735,111.6863,42275,1571
-2.0864,111.7119,42275,1572
-2.1654,111.4939,42275,1573
-2.1667,111.5028,42275,1574
-2.323,111.6934,42275,1575
-1.6041,110.8114,42276,1576
-1.6062,110.7977,42276,1577
-1.6038,110.7905,42276,1578
-2.3276,111.6307,42277,1579
-1.9394,110.8275,42277,1580
-1.9496,110.8261,42277,1581
-1.9514,110.8379,42277,1582
-2.4513,111.5147,42279,1583
-1.9868,111.477,42279,1584
-2.5015,111.5271,42280,1585
-2.4713,111.6749,42280,1586
-2.4923,111.5258,42280,1587
-2.5015,111.4601,42280,1588
-2.5029,111.4506,42280,1589
-2.4493,111.514,42280,1590
-2.3721,111.6675,42280,1591
-2.3806,111.4786,42280,1592
-2.3543,111.4653,42280,1593
-2.3557,111.4558,42280,1594
-2.2877,111.4884,42280,1595
-2.2891,111.479,42280,1596
-2.2799,111.4777,42280,1597
-2.1757,111.4943,42280,1598
-2.3949,111.4535,42282,1599
-2.4217,111.453,42282,1600
-2.4497,111.5152,42282,1601
-2.0037,111.5176,42284,1602
-1.998,111.5207,42284,1603
-1.9881,111.6404,42285,1604
-2.3322,111.6317,42286,1605
-1.5832,110.8628,42287,1606
-1.5847,110.8735,42287,1607
-1.5863,110.8672,42287,1608
-2.4089,111.4693,42287,1609
-2.143,111.4578,42287,1610
-1.9299,111.7318,42287,1611
-1.9312,111.7228,42287,1612
-1.9642,111.1651,42287,1613
-1.9655,111.1562,42287,1614
-1.8357,111.1046,42287,1615
-1.837,111.0957,42287,1616
-1.5807,110.8889,42287,1617
-1.582,110.88,42287,1618
-1.5195,111.1892,42287,1619
-1.5208,111.1803,42287,1620
-1.6886,111.9526,42290,1621
-2.1404,111.0509,42291,1622
-1.9946,111.5931,42291,1623
-1.7568,111.9832,42291,1624
-2.3136,111.4775,42291,1625
-2.2463,111.305,42291,1626
-2.3114,111.48,42291,1627
-2.2295,111.4741,42292,1628
-2.0312,111.4663,42293,1629
-2.138,111.9701,42293,1630
-2.4258,111.3895,42293,1631
-2.4182,111.3921,42293,1632
-1.9991,111.5148,42294,1633
-2.2477,111.4933,42294,1634
-2.25,111.5087,42294,1635
-2.3589,111.654,42294,1636
-2.3603,111.6442,42294,1637
-2.3868,111.4594,42294,1638
-2.3076,111.4315,42294,1639
-2.2326,111.3169,42294,1640
-2.0117,111.942,42294,1641
-1.9989,111.2027,42294,1642
-2.0003,111.1932,42294,1643
-1.9519,111.3455,42294,1644
-2.0048,111.2846,42296,1645
-1.9325,111.7298,42296,1646
-1.9338,111.7207,42296,1647
-1.7945,111.4053,42296,1648
-1.9603,111.3598,42297,1649
-2.0818,111.4264,42297,1650
-2.077,111.4209,42297,1651
-2.0826,111.3269,42298,1652
-1.9926,111.2788,42298,1653
-1.8368,110.7869,42298,1654
-1.6681,110.8288,42298,1655
-1.8342,110.7856,42298,1656
-2.4194,111.5132,42298,1657
-2.4091,111.4407,42298,1658
-1.6958,110.7979,42298,1659
-2.4626,111.5345,42300,1660
-2.4373,111.5154,42300,1661
-2.4194,111.5129,42300,1662
-2.09,111.4381,42300,1663
-1.9829,111.2831,42300,1664
-1.9842,111.2742,42300,1665
-1.702,110.7997,42300,1666
-1.7034,110.8011,42300,1667
-1.9785,111.2874,42300,1668
-2.4177,111.5154,42300,1669
-2.4372,111.5219,42300,1670
-2.4581,111.5377,42300,1671
-2.4914,111.4484,42300,1672
-1.6133,110.8203,42303,1673
-1.6181,110.8253,42303,1674
-1.6193,110.8164,42303,1675
-2.0397,111.4531,42311,1676
-2.3778,111.7065,42312,1677
-2.1474,111.9761,42312,1678
-1.9113,111.701,42312,1679
-1.9126,111.6918,42312,1680
-2.194,111.4776,42316,1681
-2.05,111.4537,42316,1682
-2.1945,111.9425,42319,1683
-2.1666,111.748,42319,1684
-2.1961,111.4783,42319,1685
-1.8518,111.5044,42319,1686
-2.1919,111.4867,42333,1687
-2.2698,111.517,42333,1688
-2.1936,111.4751,42333,1689
-2.4098,111.4413,42358,1690
-1.8996,111.8166,42364,1691
-2.3381,111.4348,42365,1692
-1.7604,110.9821,42367,1693
-2.0858,111.5402,42367,1694
-2.3384,111.4346,42369,1695
-1.907,111.8134,42376,1696
-2.1139,111.9645,42449,1697
-2.3388,111.646,42513,1698
-2.0912,111.9247,42515,1699
-2.0717,111.4051,42534,1700
-2.0692,111.399,42534,1701
-1.3164,111.8149,42561,1702
-1.3178,111.8047,42561,1703
-2.125,111.9115,42566,1704
-2.2299,111.4404,42566,1705
-2.5022,111.5061,42586,1706
-2.2379,111.0703,42590,1707
-1.9001,110.8483,42591,1708
-1.8922,111.6442,42595,1709
-1.8985,111.6553,42595,1710
-2.2773,111.5177,42596,1711
-2.1525,111.0447,42596,1712
-2.4825,111.673,42600,1713
-2.4839,111.6637,42600,1714
-2.0675,111.1057,42600,1715
-2.0689,111.096,42600,1716
-1.9584,111.1628,42600,1717
-1.8539,110.8161,42602,1718
-1.1768,111.3804,42602,1719
-1.1787,111.3669,42602,1720
-1.7552,110.8957,42603,1721
-1.0757,111.4588,42605,1722
-1.8178,111.0653,42607,1723
-1.1491,111.382,42607,1724
-2.1187,111.4353,42609,1725
-2.1175,111.4411,42609,1726
-2.0957,111.0922,42609,1727
-1.9954,110.9999,42609,1728
-1.9971,110.9881,42609,1729
-1.9983,110.9947,42609,1730
-1.7995,110.8823,42609,1731
-1.5781,110.7783,42609,1732
-1.5678,110.7768,42609,1733
-1.5689,110.7826,42609,1734
-1.5706,110.7707,42609,1735
-2.1172,111.4464,42609,1736
-2.2015,111.4921,42609,1737
-1.9293,110.8282,42620,1738
-1.9294,110.8216,42620,1739
-1.9473,111.7321,42621,1740
-1.8152,111.3845,42621,1741
-1.5318,111.351,42623,1742
-1.533,111.3421,42623,1743
-1.5737,110.9936,42623,1744
-1.5838,110.8586,42623,1745
-2.1019,111.0334,42623,1746
-2.0876,111.0613,42623,1747
-2.0646,111.0943,42623,1748
-2.0659,111.0854,42623,1749
-2.0684,111.0676,42623,1750
-2.0697,111.0587,42623,1751
-2.0556,111.093,42623,1752
-1.9069,111.3023,42623,1753
-1.8992,111.2921,42623,1754
-1.9436,110.8527,42623,1755
-1.9449,110.8438,42623,1756
-1.9358,110.836,42623,1757
-1.9153,110.9151,42623,1758
-1.9166,110.9062,42623,1759
-1.9255,110.8437,42623,1760
-1.9268,110.8347,42623,1761
-1.9281,110.8258,42623,1762
-1.9,110.9585,42623,1763
-1.9013,110.9495,42623,1764
-1.9166,110.8424,42623,1765
-1.9179,110.8335,42623,1766
-1.9191,110.8245,42623,1767
-1.8137,110.8583,42623,1768
-1.6193,111.3784,42623,1769
-1.623,111.1608,42623,1770
-1.6446,111.0095,42623,1771
-1.5305,111.3599,42623,1772
-2.1461,111.9365,42625,1773
-2.1476,111.9261,42625,1774
-2.2449,111.242,42625,1775
-2.1216,111.1071,42625,1776
-2.1148,111.0109,42625,1777
-2.0776,111.0536,42625,1778
-2.0792,111.0421,42625,1779
-2.0508,111.097,42625,1780
-2.0524,111.0855,42625,1781
-2.0471,111.0492,42625,1782
-1.9288,111.4517,42625,1783
-1.9303,111.4407,42625,1784
-1.9652,111.195,42625,1785
-1.991,110.9388,42625,1786
-1.8907,111.5793,42625,1787
-1.8922,111.5686,42625,1788
-1.9725,110.9964,42625,1789
-1.9742,110.9847,42625,1790
-1.9146,111.337,42625,1791
-1.9161,111.3259,42625,1792
-1.9334,111.2021,42625,1793
-1.9534,110.9281,42625,1794
-1.9147,111.1242,42625,1795
-1.9164,111.1127,42625,1796
-1.918,111.1012,42625,1797
-1.9638,110.7832,42625,1798
-1.9063,111.1113,42625,1799
-1.9079,111.0998,42625,1800
-1.938,110.8164,42625,1801
-1.8215,111.5641,42625,1802
-1.9142,110.9103,42625,1803
-1.7928,111.6258,42625,1804
-1.8818,110.9181,42625,1805
-1.7718,111.6338,42625,1806
-1.7733,111.6232,42625,1807
-1.7699,111.6269,42625,1808
-1.7792,111.5625,42625,1809
-1.8367,111.0954,42625,1810
-1.8655,110.8241,42625,1811
-1.8552,110.8225,42625,1812
-1.8247,110.9632,42625,1813
-1.8263,110.952,42625,1814
-1.7719,111.1904,42625,1815
-1.7735,111.179,42625,1816
-1.7751,111.1676,42625,1817
-1.7634,111.1775,42625,1818
-1.7763,111.0861,42625,1819
-1.8074,110.8647,42625,1820
-1.6775,111.5644,42625,1821
-1.6791,111.5536,42625,1822
-1.658,111.5616,42625,1823
-1.6595,111.5509,42625,1824
-1.6731,111.1706,42625,1825
-1.6747,111.1593,42625,1826
-1.6763,111.148,42625,1827
-1.6778,111.1368,42625,1828
-1.7064,110.7837,42625,1829
-1.7095,110.7775,42625,1830
-1.6113,111.3828,42625,1831
-1.6435,111.1599,42625,1832
-1.6365,111.0661,42625,1833
-1.6415,111.0315,42625,1834
-1.6314,111.0301,42625,1835
-1.633,111.0186,42625,1836
-1.6347,111.0071,42625,1837
-1.6463,110.9259,42625,1838
-1.6002,111.1768,42625,1839
-1.6212,111.0289,42625,1840
-1.5978,111.0489,42625,1841
-1.5453,111.3507,42625,1842
-1.5468,111.3397,42625,1843
-1.6039,110.9319,42625,1844
-1.5712,111.092,42625,1845
-1.5713,111.0982,42625,1846
-1.573,111.0866,42625,1847
-1.5578,111.0498,42625,1848
-1.5593,111.0394,42625,1849
-1.6,110.7569,42625,1850
-1.5676,110.9098,42625,1851
-1.5693,110.8975,42625,1852
-1.5744,110.8621,42625,1853
-1.5198,111.1714,42625,1854
-1.5214,111.1606,42625,1855
-1.4714,111.1529,42625,1856
-1.4701,111.1579,42625,1857
-1.1783,111.4187,42625,1858
-1.1669,111.4281,42625,1859
-1.1662,111.3619,42625,1860
-1.1577,111.344,42625,1861
-1.1478,111.3426,42625,1862
-1.1494,111.3318,42625,1863
-1.0984,111.4783,42625,1864
-1.0886,111.4769,42625,1865
-1.0759,111.4968,42625,1866
-1.0691,111.4741,42625,1867
-1.0706,111.4635,42625,1868
-1.0425,111.4313,42625,1869
-2.0762,111.3372,42627,1870
-2.0314,111.0119,42627,1871
-1.9953,110.9868,42627,1872
-1.9776,110.923,42627,1873
-1.994,110.9997,42627,1874
-1.9969,110.9799,42627,1875
-1.8706,111.3149,42627,1876
-1.8732,111.2963,42627,1877
-1.8479,111.293,42627,1878
-1.8477,111.2883,42627,1879
-1.907,110.8815,42627,1880
-1.8407,110.9735,42627,1881
-1.8435,110.9538,42627,1882
-1.8605,110.8331,42627,1883
-1.8635,110.8124,42627,1884
-1.7487,111.5345,42627,1885
-1.7513,111.5167,42627,1886
-1.7522,111.1324,42627,1887
-1.7339,111.1694,42627,1888
-1.6745,111.4073,42627,1889
-1.7193,111.0888,42627,1890
-1.6645,111.3885,42627,1891
-1.7537,110.7483,42627,1892
-1.5558,111.949,42627,1893
-1.686,110.9602,42627,1894
-1.6592,111.0555,42627,1895
-1.6174,111.1667,42627,1896
-1.5315,111.3932,42627,1897
-1.5341,111.375,42627,1898
-1.5771,111.0767,42627,1899
-1.611,110.8413,42627,1900
-1.5753,110.9983,42627,1901
-1.5733,110.9197,42627,1902
-1.5764,110.8979,42627,1903
-2.4952,111.6137,42627,1904
-1.2957,111.7573,42627,1905
-1.2909,111.705,42627,1906
-1.2958,111.6713,42627,1907
-1.101,111.4902,42627,1908
-1.0466,111.4953,42627,1909
-1.957,111.174,42627,1910
-1.9583,111.1646,42627,1911
-1.9784,111.4336,42630,1912
-2.1572,111.4874,42630,1913
-1.8046,110.7979,42630,1914
-1.6085,111.0137,42630,1915
-1.5993,111.0125,42630,1916
-2.4974,111.3463,42632,1917
-2.2128,111.0717,42632,1918
-2.1428,111.4983,42632,1919
-2.0635,111.0285,42632,1920
-1.9983,111.0191,42632,1921
-1.9997,111.0094,42632,1922
-1.974,111.9987,42636,1923
-1.9551,111.9894,42641,1924
-2.0079,111.993,42641,1925
-2.0094,111.9827,42641,1926
-1.9983,111.9917,42641,1927
-2.0012,111.971,42641,1928
-1.8811,111.8679,42641,1929
-1.8632,111.7157,42641,1930
-1.861,111.661,42641,1931
-1.8103,111.6472,42641,1932
-1.8932,110.7697,42641,1933
-1.7933,111.4128,42641,1934
-1.7919,111.4183,42641,1935
-1.7935,111.4073,42641,1936
-1.4711,111.1615,42641,1937
-1.3822,111.727,42648,1938
-1.3394,111.7672,42648,1939
-2.0543,111.9232,42654,1940
-1.3331,111.7717,42655,1941
-1.3344,111.7626,42655,1942
-1.2933,111.9267,42655,1943
-1.2946,111.9176,42655,1944
-1.3088,111.7533,42655,1945
-1.2778,111.8411,42655,1946
-1.2943,111.1419,42655,1947
-2.3019,111.4331,42655,1948
-1.8701,111.4317,42655,1949
-1.8714,111.4228,42655,1950
-1.7796,110.9697,42655,1951
-1.5938,111.8834,42655,1952
-2.1233,111.144,42662,1953
-1.5539,111.951,42673,1954
-1.9794,110.7529,42723,1955
-2.0025,111.2435,42746,1956
-2.0673,111.7302,42835,1957
-2.3592,111.3031,42856,1958
-2.0581,111.7449,42856,1959
-2.0773,111.7283,42865,1960
-2.0696,111.7352,42886,1961
-2.0789,111.7457,42895,1962
-2.1599,111.8923,42895,1963
-2.1849,111.9415,42920,1964
-1.8203,111.1072,42941,1965
-1.8034,111.5497,42943,1966
-2.5013,111.6105,42948,1967
-2.503,111.6037,42948,1968
-1.6117,110.871,42970,1969
-1.6139,110.8552,42970,1970
-1.6161,110.8397,42970,1971
-1.6004,110.8682,42970,1972
-1.6025,110.8528,42970,1973
-1.6173,110.8505,42970,1974
-1.6013,110.8794,42970,1975
-1.6037,110.8633,42970,1976
-1.5944,110.8464,42970,1977
-1.591,110.8099,42975,1978
-1.9726,110.7797,42975,1979
-1.0827,111.4674,42979,1980
-1.1124,111.4356,42979,1981
-1.9433,111.7238,42986,1982
-1.8604,111.7661,42986,1983
-2.4678,111.438,42993,1984
-2.0786,111.0426,42993,1985
-2.0238,111.0052,42993,1986
-1.9897,110.9523,42993,1987
-1.9914,110.9405,42993,1988
-1.9518,110.8497,42993,1989
-1.9532,110.8555,42993,1990
-1.8899,110.9314,42993,1991
-1.8068,111.374,42993,1992
-1.7966,111.091,42993,1993
-1.7734,111.1811,42993,1994
-1.7679,111.0751,42993,1995
-1.7695,111.0637,42993,1996
-1.7332,111.1753,42993,1997
-1.7068,111.0724,42993,1998
-1.7085,111.061,42993,1999
-1.6717,111.1019,42993,2000
-1.6335,111.1606,42993,2001
-1.6333,111.0205,42993,2002
-1.5979,111.0509,42993,2003
-1.5303,111.3844,42993,2004
-1.6004,110.8125,42993,2005
-1.602,110.8007,42993,2006
-1.5802,110.8824,42993,2007
-1.5818,110.8704,42993,2008
-1.5825,110.8761,42993,2009
-1.524,111.2076,42993,2010
-1.5256,111.1963,42993,2011
-1.5289,111.174,42993,2012
-1.5469,111.0497,42993,2013
-1.5792,110.7545,42993,2014
-1.5005,111.1583,42993,2015
-1.5021,111.1469,42993,2016
-1.5036,111.1363,42993,2017
-1.4434,111.133,42993,2018
-1.445,111.1219,42993,2019
-1.1565,111.4291,42993,2020
-1.906,111.1024,42998,2021
-1.7853,111.1757,42998,2022
-1.7495,111.1737,42998,2023
-2.0431,111.0486,43000,2024
-2.0444,111.039,43000,2025
-1.9257,110.8506,43000,2026
-1.7373,111.4505,43000,2027
-1.8102,110.8778,43000,2028
-1.7542,111.1356,43000,2029
-1.745,111.1344,43000,2030
-1.729,111.1806,43000,2031
-1.6887,111.2179,43000,2032
-1.6795,111.2164,43000,2033
-1.7153,110.7683,43000,2034
-1.7167,110.7584,43000,2035
-1.5987,111.0035,43000,2036
-1.2807,111.6806,43000,2037
-1.1061,111.4843,43000,2038
-1.1074,111.4751,43000,2039
-2.0587,111.9377,43007,2040
-1.3034,111.8121,43018,2041
-1.2783,111.8032,43018,2042
-2.0691,111.737,43030,2043
-2.1814,111.7975,43030,2044
-1.9838,112.0079,43030,2045
-1.2826,111.9712,43034,2046
-2.1819,111.7914,43036,2047
-2.1433,111.079,43128,2048
-2.1447,111.0693,43128,2049
-2.3375,111.6271,43144,2050
-2.3948,111.7259,43148,2051
-2.02,111.9499,43192,2052
-2.3923,111.4347,43228,2053
-1.9837,111.9375,43258,2054
-2.398,111.4076,43265,2055
-2.3996,111.3964,43265,2056
-2.2921,111.424,43272,2057
-2.2979,111.4275,43272,2058
-1.8398,111.3773,43272,2059
-1.8314,111.2993,43295,2060
-1.8777,111.288,43297,2061
-1.6159,110.8928,43300,2062
-1.8781,111.2995,43301,2063
-1.8701,111.3024,43301,2064
-2.0212,111.039,43302,2065
-2.0226,111.0297,43302,2066
-1.5704,110.8478,43302,2067
-1.7462,111.1322,43318,2068
-1.1033,111.4323,43318,2069
-1.6202,110.8562,43320,2070
-1.0752,111.4517,43320,2071
-2.1182,111.9489,43322,2072
-1.7611,111.4925,43322,2073
-1.6882,110.9456,43322,2074
-1.6901,110.9323,43322,2075
-1.8171,111.0591,43323,2076
-1.7513,110.8888,43323,2077
-2.0812,111.3491,43324,2078
-1.6333,110.8988,43324,2079
-1.6321,110.8937,43324,2080
-1.5743,110.7791,43324,2081
-1.8291,111.0382,43325,2082
-1.2914,111.7863,43326,2083
-1.0764,111.5022,43326,2084
-1.0754,111.4976,43326,2085
-2.0805,111.2856,43327,2086
-2.0818,111.2767,43327,2087
-1.7581,111.4857,43327,2088
-1.7594,111.4767,43327,2089
-1.735,111.4484,43327,2090
-1.8189,110.86,43327,2091
-1.8202,110.8511,43327,2092
-1.7247,111.456,43327,2093
-1.6767,111.2156,43327,2094
-1.6114,111.1607,43327,2095
-1.5178,111.3592,43327,2096
-1.5191,111.3503,43327,2097
-1.5088,111.3579,43327,2098
-1.4315,111.1316,43327,2099
-1.4328,111.1227,43327,2100
-1.3442,111.0308,43327,2101
-1.3454,111.0219,43327,2102
-1.1554,111.431,43329,2103
-1.1568,111.4399,43329,2104
-1.791,111.6167,43329,2105
-1.3166,111.0742,43329,2106
-1.3182,111.0629,43329,2107
-1.3036,111.0949,43329,2108
-1.007,111.4509,43329,2109
-1.7339,111.4565,43330,2110
-1.732,111.461,43330,2111
-2.1066,111.1672,43331,2112
-1.8093,110.8672,43331,2113
-1.5909,111.3972,43331,2114
-2.0353,111.1636,43331,2115
-1.2637,111.7936,43332,2116
-1.2677,111.8046,43332,2117
-1.2716,111.125,43332,2118
-1.3341,111.0523,43333,2119
-1.7672,111.4837,43334,2120
-1.7789,111.4822,43334,2121
-1.7999,111.6246,43334,2122
-1.7748,111.477,43334,2123
-1.7948,111.6196,43334,2124
-2.1157,111.1586,43334,2125
-1.7726,111.6303,43334,2126
-1.627,111.1653,43334,2127
-2.4909,111.6267,43335,2128
-2.4927,111.6134,43335,2129
-2.4716,111.2518,43339,2130
-2.111,111.1531,43340,2131
-1.9724,110.8255,43340,2132
-1.9685,110.8519,43340,2133
-1.9731,110.8326,43340,2134
-1.9694,110.8591,43340,2135
-2.1083,111.1457,43340,2136
-2.4804,111.6744,43340,2137
-2.2313,111.2737,43342,2138
-1.7364,111.1741,43343,2139
-2.4757,111.4445,43343,2140
-2.477,111.4356,43343,2141
-1.995,111.9105,43343,2142
-1.9964,111.9014,43343,2143
-2.0603,111.0087,43343,2144
-2.0616,110.9997,43343,2145
-1.9729,110.7799,43343,2146
-1.9447,110.8488,43343,2147
-1.9498,110.813,43343,2148
-1.787,111.1142,43343,2149
-1.4453,111.1292,43343,2150
-1.4337,111.1392,43343,2151
-1.0165,111.4196,43343,2152
-1.8828,110.9102,43346,2153
-1.9992,110.8436,43347,2154
-1.6928,111.0811,43347,2155
-1.6954,111.0622,43347,2156
-1.6924,111.0741,43347,2157
-1.6543,111.069,43347,2158
-1.6289,111.0656,43347,2159
-1.6316,111.0465,43347,2160
-1.5647,110.8756,43347,2161
-1.4254,111.1208,43347,2162
-1.4251,111.1157,43347,2163
-1.0414,111.4269,43347,2164
-1.5822,111.07,43352,2165
-1.9,111.351,43352,2166
-1.1378,111.4763,43352,2167
-1.0014,111.4735,43357,2168
-1.8669,111.2746,43358,2169
-1.8692,111.2714,43358,2170
-1.8941,111.7651,43359,2171
-1.8541,111.787,43359,2172
-1.9465,111.1424,43359,2173
-1.8374,111.3942,43359,2174
-1.8253,110.7666,43359,2175
-1.7718,111.0778,43359,2176
-1.6818,111.1319,43359,2177
-1.5676,111.0908,43359,2178
-1.2845,111.9739,43359,2179
-1.295,111.9009,43359,2180
-1.2963,111.8917,43359,2181
-1.1594,111.5,43359,2182
-1.9908,111.5912,43361,2183
-1.8496,111.7269,43361,2184
-1.9757,110.7688,43361,2185
-1.9551,110.8389,43361,2186
-1.914,110.8332,43361,2187
-1.7168,110.7809,43361,2188
-1.6123,111.16,43361,2189
-1.6626,111.9651,43366,2190
-2.0322,111.141,43366,2191
-1.8337,112.002,43368,2192
-1.3173,111.7526,43368,2193
-1.6789,111.9865,43370,2194
-2.3849,111.2515,43375,2195
-2.3405,111.2335,43375,2196
-1.9629,111.7598,43377,2197
-2.1308,111.1575,43377,2198
-1.8619,111.3254,43377,2199
-1.7186,111.9708,43377,2200
-1.709,111.9695,43377,2201
-2.3241,111.6297,43402,2202
-2.326,111.6161,43402,2203
-1.8609,111.3001,43535,2204
-2.0118,111.8685,43549,2205
-2.0031,111.8299,43594,2206
-2.1368,111.6736,43594,2207
-2.1303,111.6772,43608,2208
-2.1393,111.671,43651,2209
-1.8576,111.6152,43663,2210
-2.3464,111.7309,43674,2211
-2.35,111.723,43674,2212
-2.3482,111.7365,43674,2213
-1.8729,111.3606,43675,2214
-1.8946,111.299,43681,2215
-1.7419,110.8228,43682,2216
-2.0002,111.5415,43683,2217
-2.204,111.6897,43683,2218
-2.1993,111.0008,43686,2219
-1.577,110.9096,43688,2220
-1.7907,111.538,43688,2221
-1.1793,111.3799,43688,2222
-1.5584,110.9069,43688,2223
-2.1383,111.1489,43690,2224
-1.5269,111.1755,43690,2225
-1.5259,111.1845,43690,2226
-1.8851,110.9653,43691,2227
-1.6197,110.9074,43691,2228
-1.5638,110.7715,43691,2229
-1.6143,110.9084,43692,2230
-1.9368,111.1158,43692,2231
-1.9351,111.1083,43692,2232
-1.3144,111.6456,43694,2233
-1.7529,111.061,43694,2234
-1.7545,111.0493,43694,2235
-2.4864,111.6457,43694,2236
-2.4765,111.6442,43694,2237
-2.4775,111.6426,43694,2238
-2.395,111.4425,43695,2239
-2.1329,111.1493,43695,2240
-2.1342,111.1404,43695,2241
-1.7913,111.3487,43695,2242
-1.7926,111.3398,43695,2243
-1.2699,111.6542,43695,2244
-1.8909,110.9253,43699,2245
-1.5287,111.1737,43699,2246
-1.529,111.1693,43699,2247
-1.1596,111.3796,43699,2248
-1.531,111.1614,43700,2249
-1.5348,111.1868,43700,2250
-1.5205,111.1563,43700,2251
-1.5345,111.1535,43700,2252
-1.5381,111.1793,43700,2253
-1.8848,111.008,43700,2254
-1.5407,111.1717,43700,2255
-1.5295,111.1698,43700,2256
-1.5297,111.1626,43700,2257
-1.2934,111.6815,43700,2258
-2.0491,111.1358,43706,2259
-1.9051,111.1032,43706,2260
-1.9102,110.9052,43706,2261
-1.9123,110.89,43706,2262
-1.7601,111.4685,43706,2263
-1.6805,111.1492,43706,2264
-1.536,111.1957,43706,2265
-1.5369,111.1905,43706,2266
-1.5257,111.1887,43706,2267
-1.5186,111.1589,43706,2268
-1.5206,111.1451,43706,2269
-1.2657,111.9763,43706,2270
-1.2945,111.6937,43706,2271
-1.2963,111.6807,43706,2272
-1.2916,111.6879,43706,2273
-1.2936,111.6749,43706,2274
-1.2582,111.616,43706,2275
-1.26,111.6029,43706,2276
-1.2045,111.4245,43706,2277
-1.2065,111.4105,43706,2278
-1.0716,111.4821,43706,2279
-1.0735,111.4689,43706,2280
-1.0608,111.4805,43706,2281
-1.0275,111.4556,43706,2282
-2.2728,111.4496,43708,2283
-1.8771,111.6628,43708,2284
-1.65,111.1603,43711,2285
-2.0836,111.0666,43711,2286
-2.0849,111.0576,43711,2287
-1.7489,111.537,43711,2288
-1.756,111.1042,43711,2289
-1.6983,111.0595,43711,2290
-1.6982,110.932,43711,2291
-1.5888,110.9224,43711,2292
-1.5901,110.9135,43711,2293
-1.3248,111.7998,43711,2294
-1.3261,111.7908,43711,2295
-1.2938,111.823,43711,2296
-1.2951,111.814,43711,2297
-1.2851,111.8253,43711,2298
-1.2864,111.8163,43711,2299
-1.3297,111.064,43711,2300
-1.3309,111.0551,43711,2301
-0.9983,111.2557,43711,2302
-1.6871,110.9402,43712,2303
-1.0848,111.4421,43713,2304
-1.0937,111.4408,43713,2305
-1.2839,111.6709,43713,2306
-1.5916,111.9457,43713,2307
-1.5971,110.8587,43713,2308
-1.6685,111.0945,43713,2309
-1.6915,111.1215,43713,2310
-1.7005,111.1202,43713,2311
-2.4741,111.6209,43713,2312
-2.4754,111.6298,43713,2313
-2.4844,111.6285,43713,2314
-2.4816,111.6339,43713,2315
-2.4831,111.623,43713,2316
-2.4733,111.6216,43713,2317
-2.4708,111.6259,43713,2318
-2.4418,111.2568,43713,2319
-2.1219,111.1406,43713,2320
-2.0558,111.4644,43713,2321
-2.0729,111.3424,43713,2322
-2.0745,111.3312,43713,2323
-1.8579,111.7757,43713,2324
-1.8924,111.2471,43713,2325
-1.8608,111.3287,43713,2326
-1.9344,110.8199,43713,2327
-1.7864,111.3522,43713,2328
-1.758,111.4829,43713,2329
-1.7595,111.472,43713,2330
-1.7555,111.487,43713,2331
-1.7571,111.4761,43713,2332
-1.7307,111.4499,43713,2333
-1.7322,111.4393,43713,2334
-1.5956,111.403,43713,2335
-1.5387,111.3658,43713,2336
-1.5392,111.2187,43713,2337
-1.5408,111.2075,43713,2338
-1.5239,111.1821,43713,2339
-1.5255,111.1711,43713,2340
-1.5237,111.1881,43713,2341
-1.5253,111.1769,43713,2342
-1.5707,110.7932,43713,2343
-1.5725,110.7813,43713,2344
-1.3331,111.8937,43713,2345
-1.3346,111.8834,43713,2346
-1.4399,111.1302,43713,2347
-1.3297,111.8865,43713,2348
-1.4389,111.135,43713,2349
-1.4406,111.1238,43713,2350
-1.335,111.7822,43713,2351
-1.3365,111.7718,43713,2352
-1.34,111.0458,43713,2353
-1.3416,111.0343,43713,2354
-1.2868,111.131,43713,2355
-1.2884,111.1197,43713,2356
-1.3013,111.0285,43713,2357
-1.3029,111.017,43713,2358
-1.0638,111.4785,43713,2359
-1.0217,111.4943,43713,2360
-1.0277,111.4516,43713,2361
-1.0245,111.4557,43713,2362
-1.026,111.445,43713,2363
-1.2999,111.1477,43714,2364
-1.2986,111.1412,43714,2365
-1.8231,110.9455,43714,2366
-1.6162,111.1484,43715,2367
-1.7337,111.9544,43715,2368
-1.7313,111.971,43715,2369
-1.7386,111.9602,43715,2370
-1.7363,111.9767,43715,2371
-2.1591,111.9236,43715,2372
-2.1722,111.911,43715,2373
-2.4428,111.2652,43716,2374
-2.4446,111.2596,43716,2375
-1.7735,110.9733,43716,2376
-1.7735,110.9677,43716,2377
-2.4387,111.2616,43717,2378
-2.3056,111.747,43717,2379
-2.1358,111.0998,43718,2380
-2.1363,111.094,43718,2381
-2.4462,111.2583,43718,2382
-2.447,111.2667,43718,2383
-2.4214,111.4677,43718,2384
-2.4228,111.4581,43718,2385
-2.4504,111.2674,43718,2386
-2.4518,111.258,43718,2387
-2.4149,111.4471,43718,2388
-2.4412,111.2661,43718,2389
-2.4426,111.2566,43718,2390
-2.3187,111.7457,43718,2391
-2.3093,111.7443,43718,2392
-2.2854,111.4651,43718,2393
-2.2125,111.9072,43718,2394
-2.1796,111.9334,43718,2395
-2.136,111.0913,43718,2396
-1.6607,111.977,43718,2397
-1.7348,111.457,43718,2398
-1.7362,111.4473,43718,2399
-1.6006,110.9769,43718,2400
-1.4359,111.9214,43718,2401
-1.2745,111.1334,43718,2402
-1.7658,110.7799,43719,2403
-1.004,111.4297,43720,2404
-1.0119,111.432,43720,2405
-1.6283,110.9207,43720,2406
-1.6297,110.93,43720,2407
-1.7726,110.7752,43720,2408
-2.449,111.2644,43720,2409
-2.4503,111.2548,43720,2410
-2.2398,111.8307,43720,2411
-2.2804,111.4767,43720,2412
-2.1888,111.9289,43720,2413
-2.1335,111.097,43720,2414
-1.6678,111.9726,43720,2415
-1.7738,110.7729,43720,2416
-1.3365,111.062,43720,2417
-1.3379,111.0524,43720,2418
-1.3057,111.1007,43720,2419
-1.307,111.0912,43720,2420
-1.1437,111.4532,43720,2421
-2.2231,111.4758,43722,2422
-1.757,111.9842,43722,2423
-1.7588,111.9717,43722,2424
-2.4937,111.4962,43722,2425
-2.491,111.5034,43722,2426
-2.2139,111.9209,43722,2427
-2.2157,111.9079,43722,2428
-2.2312,111.4835,43722,2429
-2.2332,111.4694,43722,2430
-2.1625,111.0787,43722,2431
-2.151,111.0773,43722,2432
-2.124,111.104,43722,2433
-2.0688,111.3336,43722,2434
-1.985,111.1988,43722,2435
-1.9835,111.2067,43722,2436
-1.8819,111.6752,43722,2437
-1.8838,111.662,43722,2438
-1.8716,111.3511,43722,2439
-1.8719,111.3459,43722,2440
-2.1402,111.0881,43723,2441
-1.3193,111.0759,43724,2442
-1.3231,111.0493,43724,2443
-1.3169,111.068,43724,2444
-1.3208,111.0421,43724,2445
-2.4196,111.3167,43724,2446
-2.1108,111.1569,43724,2447
-2.1121,111.148,43724,2448
-1.9665,111.2031,43724,2449
-1.959,111.2016,43724,2450
-1.9604,111.2111,43724,2451
-2.1084,111.158,43724,2452
-2.1109,111.1571,43725,2453
-1.8033,110.8075,43725,2454
-2.5029,111.5143,43726,2455
-2.5045,111.5031,43726,2456
-2.0858,111.1457,43726,2457
-2.4944,111.5137,43726,2458
-2.0893,111.143,43727,2459
-2.1901,111.134,43727,2460
-2.335,111.4481,43727,2461
-2.3363,111.4392,43727,2462
-2.1797,111.9496,43727,2463
-2.2306,111.2115,43727,2464
-2.1561,111.085,43727,2465
-2.0666,111.3269,43727,2466
-2.0921,111.1486,43727,2467
-2.0934,111.1397,43727,2468
-2.0946,111.1308,43727,2469
-2.0341,111.2347,43727,2470
-1.6409,111.0899,43727,2471
-1.0437,111.468,43727,2472
-2.1941,111.49,43727,2473
-2.3228,111.4379,43727,2474
-2.4974,111.5084,43727,2475
-2.5034,111.5236,43727,2476
-2.499,111.5157,43728,2477
-2.1894,111.4928,43728,2478
-2.1919,111.4742,43728,2479
-2.1885,111.4861,43728,2480
-2.1933,111.5014,43728,2481
-2.3365,111.4448,43729,2482
-2.4314,111.6068,43729,2483
-1.4581,111.1313,43729,2484
-2.4967,111.5249,43729,2485
-2.35,111.431,43729,2486
-2.3468,111.4426,43729,2487
-2.4654,111.3531,43729,2488
-2.4671,111.3649,43729,2489
-2.4893,111.5203,43729,2490
-2.4757,111.3517,43729,2491
-2.4774,111.3635,43729,2492
-2.4931,111.5015,43730,2493
-2.4928,111.5352,43730,2494
-2.4914,111.5274,43730,2495
-1.8383,111.9977,43731,2496
-2.3369,111.4414,43731,2497
-2.4992,111.5262,43731,2498
-2.1189,111.169,43731,2499
-2.1203,111.1596,43731,2500
-2.0233,111.6335,43731,2501
-2.4973,111.5269,43731,2502
-2.4986,111.5359,43731,2503
-2.2263,111.2019,43733,2504
-2.403,111.4144,43733,2505
-1.6574,111.4286,43733,2506
-1.6617,111.398,43733,2507
-2.3988,111.4135,43733,2508
-2.4945,111.5204,43733,2509
-2.5037,111.5217,43733,2510
-2.5024,111.5311,43733,2511
-2.4044,111.4175,43733,2512
-2.5001,111.524,43733,2513
-2.5017,111.5346,43733,2514
-2.2332,111.2046,43734,2515
-2.2472,111.0436,43734,2516
-1.1377,111.2742,43734,2517
-1.9726,111.9993,43736,2518
-1.9739,111.9903,43736,2519
-1.7858,111.6383,43736,2520
-1.7767,111.6371,43736,2521
-1.778,111.6279,43736,2522
-1.7827,110.7492,43736,2523
-1.2924,111.6904,43747,2524
-1.2948,111.6735,43747,2525
-1.2884,111.6847,43747,2526
-2.0067,111.4391,43747,2527
-2.0092,111.4208,43747,2528
-1.7251,110.7465,43747,2529
-2.2505,111.2202,43747,2530
-1.6403,111.0385,43752,2531
-2.1089,111.0916,43762,2532
-2.1112,111.0971,43762,2533
-1.8354,111.3848,43763,2534
-1.6288,111.0965,43763,2535
-1.7579,111.1047,43768,2536
-1.7887,111.1839,43768,2537
-2.1478,111.4488,43772,2538
-2.0787,111.3192,43772,2539
-2.0392,111.2408,43774,2540
-2.0437,111.2467,43774,2541
-2.0418,111.2424,43775,2542
-2.0435,111.2537,43775,2543
-2.2103,111.4494,43777,2544
-2.2114,111.455,43779,2545
-2.2105,111.44,43779,2546
-2.0679,111.3328,43779,2547
-2.0676,111.3277,43779,2548
-2.212,111.4467,43779,2549
-2.0767,111.3385,43784,2550
-1.9054,111.4317,43784,2551
-2.0769,111.3354,43784,2552
-2.2447,111.236,43786,2553
